Frekvencija (Hz),Srednja_vrednost,Standardna_devijacija,Maksimalno_odstupanje
1,999999.5769538067,2.018514328351231,4.174607471330091
10,100000.6716128078,1.6866395019777363,3.046202323734178
100,10000.713852081564,2.0231126281080107,4.5543970242579235
